-- phpMyAdmin SQL Dump
-- version 4.8.4
-- https://www.phpmyadmin.net/
--
-- Hôte : 127.0.0.1
-- Généré le :  lun. 08 avr. 2019 à 08:58
-- Version du serveur :  10.3.13-MariaDB
-- Version de PHP :  7.3.0

SET SQL_MODE = "NO_AUTO_VALUE_ON_ZERO";
SET AUTOCOMMIT = 0;
START TRANSACTION;
SET time_zone = "+00:00";


/*!40101 SET @OLD_CHARACTER_SET_CLIENT=@@CHARACTER_SET_CLIENT */;
/*!40101 SET @OLD_CHARACTER_SET_RESULTS=@@CHARACTER_SET_RESULTS */;
/*!40101 SET @OLD_COLLATION_CONNECTION=@@COLLATION_CONNECTION */;
/*!40101 SET NAMES utf8mb4 */;

--
-- Base de données :  `mon_blog`
--

-- --------------------------------------------------------

--
-- Structure de la table `article`
--

CREATE TABLE `article` (
  `id` int(11) NOT NULL,
  `title` varchar(255) COLLATE utf8mb4_unicode_ci NOT NULL,
  `content` longtext COLLATE utf8mb4_unicode_ci NOT NULL,
  `image` varchar(255) COLLATE utf8mb4_unicode_ci NOT NULL,
  `created_at` datetime NOT NULL,
  `category_id` int(11) NOT NULL
) ENGINE=InnoDB DEFAULT CHARSET=utf8mb4 COLLATE=utf8mb4_unicode_ci;

--
-- Déchargement des données de la table `article`
--

INSERT INTO `article` (`id`, `title`, `content`, `image`, `created_at`, `category_id`) VALUES
(23, 'Titre d\'exemple', 'Le contenu de l\'article', 'https://lorempixel.com/640/480/?59644', '2019-02-06 09:54:00', 3),
(24, 'Est tempora aliquam aut ducimus.', '<p>Quibusdam aut similique aliquam placeat occaecati. Ut laborum itaque ipsum incidunt vitae amet dolorem aut. Ducimus sit non laborum minus error. Est dolore at provident.</p><p>Dolor eveniet pariatur facere qui voluptas. Nam rerum perferendis exercitationem et consequatur est. Ullam iure ut et est eligendi mollitia.</p><p>Est ipsa et alias. Aut saepe aliquid ea ipsam. Nemo suscipit quos repudiandae at a. Aut cupiditate aut excepturi sunt laboriosam.</p><p>Enim molestiae porro cupiditate non ducimus maxime sit laborum. Voluptatem ducimus placeat voluptates distinctio. Nobis iusto quis velit qui dolorem. Qui labore ea omnis earum officiis laborum velit.</p><p>Est iste dignissimos sed voluptates quia. Et ea aliquam autem sunt cumque veritatis reiciendis. Aut autem dolor deleniti officiis et distinctio. Consequatur minus est officia libero unde sit.</p>', 'https://lorempixel.com/640/480/?78308', '2018-11-26 23:37:54', 1),
(25, 'Ut fugit in est expedita vel.', '<p>Omnis aut reiciendis perspiciatis sint autem. Et et consequatur ex voluptatibus ullam a commodi eveniet. Culpa repudiandae vitae ut molestiae nulla dolorum et. Nihil est voluptas nihil omnis corporis.</p><p>Sequi mollitia ad incidunt incidunt. Consequatur et odit dolor minus voluptatem. Fugit assumenda quaerat est ut.</p><p>Qui ab eligendi aperiam. Temporibus cupiditate quisquam ut ex.</p><p>Similique odio eos unde quasi et. Quo facilis consequuntur itaque eum ea quae architecto. Animi harum voluptas quae harum suscipit odit.</p><p>Ea molestiae dolor aspernatur alias sint harum. Fugit earum itaque et ab iure non sit id. Magnam illum eum occaecati esse. Ipsum suscipit nobis magnam aspernatur ut laboriosam.</p>', 'https://lorempixel.com/640/480/?70921', '2019-02-12 00:16:24', 1),
(26, 'Enim ducimus sunt voluptatem ducimus aut optio.', '<p>Modi aut tenetur fugiat debitis. Amet maiores et quia possimus. Qui ut rerum distinctio rem dolore saepe. Magni et veritatis hic unde nam.</p><p>Sit fugit nulla vel ea ipsa consectetur ipsum. Nihil commodi reprehenderit aperiam.</p><p>Ut labore voluptatibus totam autem voluptatibus quo voluptatibus. Error voluptatem et vitae ipsam veniam alias. Eveniet quidem ut ut saepe.</p><p>Libero quas maxime illum officia repellat qui id sit. Autem nostrum et iste sunt. Dolorum pariatur expedita atque in.</p><p>Incidunt est velit aliquam deserunt officia. Eum nihil distinctio dolorem voluptatum. Sapiente consequuntur aperiam cumque veniam aperiam. Nulla alias harum debitis.</p>', 'https://lorempixel.com/640/480/?41900', '2019-02-08 08:23:05', 1),
(27, 'Earum a doloremque aliquid excepturi optio odit.', '<p>Quis reiciendis exercitationem odit qui excepturi iusto suscipit enim. Optio sed quidem neque minus facere praesentium provident. Adipisci deleniti veniam enim eius explicabo. Aut aut sed quia eius. Eveniet consequatur quos corporis quam aut sed dolor.</p><p>Eligendi illum suscipit est. Nulla facilis recusandae et. Veniam molestias consequuntur laudantium eum ab earum ipsa. Temporibus quia dolore cum ex quos voluptates eum qui.</p><p>Repudiandae illo quis officia voluptatem voluptas consequatur aut libero. Voluptatem molestiae voluptas nostrum odit a ipsa sit qui. Modi odit assumenda tempora aliquam delectus. Fuga suscipit eos distinctio consequatur veritatis facere.</p><p>Ut provident voluptatem facere voluptatem optio. Sit et beatae dicta quia. Ipsum sint esse dolorum atque ea qui expedita a. Ad magnam voluptatum deleniti.</p><p>Distinctio omnis ut dolor odit iure sunt doloremque. Maiores in quo hic distinctio tempore quia. Occaecati voluptas porro tenetur non. Quae et inventore libero voluptates ex.</p>', 'https://lorempixel.com/640/480/?57652', '2019-02-21 12:27:31', 1),
(28, 'At et ut voluptas dolorem.', '<p>A magnam molestiae et harum nihil. Natus illo voluptatem rerum iste.</p><p>Odio dolor itaque nihil iusto nihil dolor quam porro. Esse aut rem voluptatem tempore. Atque rerum eum tempore id dolorem est ea nobis. Recusandae fugit molestiae vel culpa et molestiae.</p><p>Eligendi adipisci nam aut quia. Nihil tempora quia harum pariatur. Odio quasi consequatur consequatur et consequatur. At est quo voluptas minus.</p><p>Ipsum odio consequuntur odit laborum. Sit quas minus ut sit. Id a non error quas at sit eaque. Quis veritatis dicta doloremque.</p><p>Reiciendis quas modi soluta voluptas. Tempore sit delectus excepturi sapiente quibusdam recusandae. Ex porro et hic ducimus excepturi.</p>', 'https://lorempixel.com/640/480/?74705', '2018-10-23 10:03:08', 2),
(29, 'Et exercitationem fugiat sit sed.', '<p>Nobis non eos quos repudiandae. Aut commodi veniam sunt beatae aut. Recusandae libero et corrupti ut eligendi asperiores qui.</p><p>In facilis quia labore maxime voluptates. Voluptatem ipsum iste accusamus omnis. Cum quis debitis dolorem. Omnis nisi quasi omnis a atque aut.</p><p>Dolores sit ut tempore fuga aut necessitatibus. Recusandae harum non doloribus fuga earum. Autem quia doloribus quaerat eos corporis placeat.</p><p>Sed nesciunt dolores nihil doloribus odio dolorum et architecto. Iste provident laboriosam quis dignissimos.</p><p>Maiores cum nisi aut consequuntur. Rerum modi voluptatem sint. Quod vel deleniti voluptate fugit et. Maiores et eos consequatur laborum.</p>', 'https://lorempixel.com/640/480/?24632', '2019-02-18 01:01:47', 2),
(30, 'At eligendi eaque id vitae voluptatem.', '<p>Sed ut ducimus qui facilis officiis consequatur excepturi quo. Aut nobis cum magni fuga. Provident dolores hic sapiente velit.</p><p>Quam autem sint expedita nihil veniam est est. Rerum sint omnis sit. Modi quasi doloremque voluptatibus.</p><p>Tempora quasi consequatur perferendis perferendis qui eligendi ea. Et distinctio velit soluta in unde provident. Ea quis atque autem deserunt iusto quia ut.</p><p>Aut nulla rerum quia vitae molestias quasi dolore. Quia dolorem ipsa omnis.</p><p>Officia vitae ad qui cumque quas cupiditate quibusdam. Nemo architecto officia qui quia quis quis dolorem similique.</p>', 'https://lorempixel.com/640/480/?82568', '2019-03-08 12:08:05', 2),
(31, 'Voluptatibus facilis incidunt sit ipsum unde.', '<p>Sunt voluptas reiciendis veritatis voluptatem necessitatibus nihil. A velit ex commodi laudantium sit alias. Nesciunt atque eius sed modi. Ipsam mollitia rerum et illum ad vitae iste.</p><p>Aut quis quo doloribus rem. Saepe blanditiis error esse ab aperiam. In expedita nam dignissimos ut quasi.</p><p>Iusto voluptas blanditiis sit quia vitae qui autem. Explicabo sapiente debitis maxime laboriosam quod. Id aut alias consectetur esse.</p><p>Consequatur inventore cumque numquam. Provident doloribus corporis sunt architecto dolore quidem consequatur molestias. Nisi itaque enim aut sunt voluptas.</p><p>Est consequuntur amet ullam quis. Asperiores labore et laboriosam debitis sit impedit. Odit dolor culpa et cupiditate natus esse. Doloribus eos accusantium eveniet.</p>', 'https://lorempixel.com/640/480/?95140', '2019-03-09 19:46:12', 2),
(32, 'Totam totam et et rerum dignissimos.', '<p>Occaecati consectetur assumenda neque eos ut quas. Eligendi distinctio non atque dolorem esse eos. Delectus totam earum dolor. Et nisi quo hic aut voluptas.</p><p>Eius praesentium hic quo qui tempore. Dolor illo saepe nihil debitis porro voluptatum sit sit. Minus quia in harum provident vel distinctio. Non illo quisquam labore voluptas aut.</p><p>Nam sunt placeat qui dolores error rerum odit necessitatibus. Explicabo perspiciatis et aut qui optio reiciendis. Temporibus similique esse molestiae. Tempore qui aut vel totam occaecati aut totam.</p><p>Rem sunt autem in culpa. Quam repellendus ipsam est commodi reiciendis molestias. Inventore aperiam deserunt aut nostrum quo porro.</p><p>Quos earum aut ullam voluptatem et. Fugit eveniet aliquam atque. Ut ipsam cum accusamus vitae.</p>', 'https://lorempixel.com/640/480/?84895', '2019-03-08 00:39:50', 3),
(33, 'Rem est quia earum vero non dolorem possimus.', '<p>Aut quidem qui aut consequatur. Omnis animi quam maiores molestiae et error.</p><p>Sapiente corporis adipisci sed porro molestiae. Ex facilis et voluptatem labore. Veniam qui asperiores vel eos. Praesentium sed molestias quisquam nisi est placeat vitae.</p><p>Nihil numquam possimus autem qui eveniet. Sed sit accusamus amet. Eum ut delectus est autem. Et deleniti nulla vitae.</p><p>Ducimus aut dolores incidunt rem architecto veniam accusamus. Quis inventore ad nemo.</p><p>Quia et quia et magnam ab iusto deserunt. Expedita ullam et dicta nemo est. Fugit occaecati dignissimos non.</p>', 'https://lorempixel.com/640/480/?53348', '2019-03-24 03:25:47', 3),
(34, 'Asperiores voluptatem nihil sunt neque iusto.', '<p>Beatae temporibus quisquam ipsum consequatur. Molestiae qui molestias velit repudiandae commodi.</p><p>In odio est et enim voluptatibus hic. Perferendis quia architecto nam corrupti totam odit similique. Deleniti voluptas laboriosam qui pariatur voluptatem. Sunt et laboriosam earum qui atque rerum deserunt odio.</p><p>Sint exercitationem expedita qui. Quas ut iste sapiente dolorem. Ut voluptatem et officiis et quae qui sapiente.</p><p>Corporis omnis sit sed sit quia quis quidem. Perspiciatis in dolor qui et fugiat. Sit repellendus atque ut deleniti similique. Vel quasi voluptas dicta exercitationem molestias dolores temporibus. Incidunt harum optio eaque aut sequi.</p><p>Similique pariatur quae possimus enim consequuntur aut culpa. Ut dignissimos ab quidem sit voluptas qui repudiandae itaque. Ut ea corrupti officia blanditiis qui. Optio excepturi ullam provident velit. Assumenda cum ut consectetur qui iusto.</p>', 'https://lorempixel.com/640/480/?39172', '2018-10-11 21:08:06', 3),
(35, 'Quibusdam nesciunt sit maxime ut.', '<p>Fuga nostrum illo aut tempore perferendis molestias. Vero repudiandae amet perspiciatis minima. Aut enim totam recusandae qui. Sequi incidunt impedit laborum.</p><p>Iure odio aperiam non nulla. Dolorem et cum sit recusandae sed. Est molestiae iusto incidunt consequatur est.</p><p>Explicabo rerum reprehenderit porro aspernatur laborum accusamus veritatis. Repellat dolor rem nihil quod quisquam. Magnam deleniti in dignissimos. Ullam non quod magnam cumque temporibus iure reiciendis.</p><p>Aut error ab dolorem cumque animi. Nobis occaecati omnis quis tenetur cupiditate. Sint qui quidem est quibusdam dolorem rerum.</p><p>Officia ipsum fugiat quos soluta et. Quod id id qui repellat eum nisi reiciendis. Provident similique error soluta exercitationem.</p>', 'https://lorempixel.com/640/480/?46448', '2019-01-05 01:00:19', 3),
(36, 'Assumenda quis illum nihil cumque voluptas quibusdam in sit.', '<p>Repudiandae esse quia quam eos repellat inventore laudantium. Ipsum aliquam suscipit dicta earum deserunt voluptas. Voluptatem dolorum qui illum laudantium voluptates consequatur.</p><p>Inventore et optio inventore soluta. Tempora dolorem qui et qui ut quas. Repellat architecto possimus veritatis.</p><p>Molestiae ipsum rem beatae ipsa nostrum inventore. Est expedita ea vel dolores libero quia culpa. Nulla laudantium assumenda est iusto.</p><p>Fugit animi ut similique blanditiis. At non non est pariatur nihil itaque. Aut rem non cum non.</p><p>Nam molestiae voluptatem odit id. Maxime aut autem blanditiis incidunt aut laboriosam dolore. Fugit nobis praesentium suscipit iure cupiditate voluptatibus id occaecati.</p>', 'https://lorempixel.com/640/480/?44580', '2019-01-02 15:24:48', 3),
(37, 'Voluptatum labore rerum sunt laborum molestiae quasi.', '<p>Quasi quia aliquid tempora eum. Eum non voluptas ut qui odit. Non aut ducimus inventore dolorum vero eius quis exercitationem. Error aliquid magnam minus porro eius aliquid aut. Voluptatem porro officia neque delectus dolorem et fugit.</p><p>Aut eligendi quos impedit fugiat quasi et vitae commodi. Quis recusandae incidunt omnis sed rem dicta. Vel et a rem nulla rem voluptatum.</p><p>Voluptatibus aliquam atque dignissimos excepturi distinctio voluptatum officiis ad. Dolore sint neque nulla quia. Quia cum delectus iusto ipsa.</p><p>Ut ut eligendi non dolorum officiis vel voluptatum. Et illum impedit placeat est ipsa aliquid molestiae. Quibusdam est expedita vel tempore laborum quos.</p><p>Odit explicabo eaque et et ut. Qui delectus quam quae ex quam. Autem nisi sed voluptas recusandae illo quos exercitationem. Tenetur quam esse et quia.</p>', 'https://lorempixel.com/640/480/?61332', '2019-03-27 23:13:00', 3),
(38, 'Titre d\'exemple', 'Le contenu de l\'article.....................', 'http://placehold.it/350x150', '2019-04-01 10:56:02', 1),
(39, 'Titre d\'exemple', 'Le contenu de l\'article', 'http://flhk', '2019-04-01 11:44:07', 1),
(40, 'jkkjkkkkkkkkkk', 'Le contenu de l\'article', 'http://fjg', '2019-04-01 11:45:24', 1),
(41, 'Titre d\'exemple', 'Le contenu de l\'article', 'http://placehold.it/350x150', '2019-04-01 11:49:13', 1),
(42, 'gggggggggggggggggggggggggg', 'llllllllllllllllllllllllllllllllllllllll', 'http://placehold.it/350x150', '2019-04-01 14:51:43', 1),
(43, 'article d\'exemple du lundi 08/04', 'salut thomas!!!  tu vois qu\'il fonctionne bien mon blog ! me reste plus qu\'as te l\'envoyer maintenant...\r\na demain quoi !!! mdr', 'https://placehold.it/450x250', '2019-04-08 08:54:28', 1);

-- --------------------------------------------------------

--
-- Structure de la table `category`
--

CREATE TABLE `category` (
  `id` int(11) NOT NULL,
  `title` varchar(255) COLLATE utf8mb4_unicode_ci NOT NULL,
  `description` longtext COLLATE utf8mb4_unicode_ci DEFAULT NULL
) ENGINE=InnoDB DEFAULT CHARSET=utf8mb4 COLLATE=utf8mb4_unicode_ci;

--
-- Déchargement des données de la table `category`
--

INSERT INTO `category` (`id`, `title`, `description`) VALUES
(1, 'A dolor dolores quis quod quibusdam.', 'Odit fugiat ut rerum sint et. Consequatur nobis nisi omnis cum ut sapiente et. Vero mollitia aspernatur quia ea non eaque. Officia quidem reiciendis maxime facere accusantium reiciendis ut.'),
(2, 'Nihil unde numquam qui ut nesciunt.', 'Voluptas consequatur dolores ipsum quibusdam ex sunt sint ut. Nulla placeat quia voluptatibus consequatur mollitia quaerat aut porro. Explicabo vero aut explicabo quia atque.'),
(3, 'A et alias libero tempore.', 'Voluptatem sit et cupiditate quidem aut ea unde. Quibusdam est omnis alias optio iusto tenetur et.');

-- --------------------------------------------------------

--
-- Structure de la table `comment`
--

CREATE TABLE `comment` (
  `id` int(11) NOT NULL,
  `article_id` int(11) NOT NULL,
  `author` varchar(255) COLLATE utf8mb4_unicode_ci NOT NULL,
  `content` longtext COLLATE utf8mb4_unicode_ci NOT NULL,
  `created_at` datetime NOT NULL
) ENGINE=InnoDB DEFAULT CHARSET=utf8mb4 COLLATE=utf8mb4_unicode_ci;

--
-- Déchargement des données de la table `comment`
--

INSERT INTO `comment` (`id`, `article_id`, `author`, `content`, `created_at`) VALUES
(1, 23, 'Manon Laporte', '<p>Qui incidunt est eum soluta. Eius dolores voluptates quidem. Sit sit earum nihil molestias ea omnis. Cum sit mollitia sed rerum magnam libero consequatur. Error voluptatem aut magni qui distinctio voluptatem placeat.</p><p>Optio beatae provident dolore rerum fuga nihil non. Fugiat qui nulla excepturi et corporis. Sint ea qui laudantium cupiditate veniam doloremque quae.</p>', '2019-03-17 17:15:31'),
(2, 23, 'Noël Maurice', '<p>Voluptatem porro dolor aut officiis maiores veritatis delectus. Iusto facilis neque error suscipit dolor sint perspiciatis suscipit. Facere autem voluptatem dolor voluptas et. Cumque nobis eos delectus nobis saepe praesentium ipsa.</p><p>Labore expedita quas sit dolorum. Et est doloribus deleniti voluptatem. Necessitatibus molestias accusantium quaerat sunt ea voluptatem. Veniam quaerat animi illo autem.</p>', '2019-03-29 13:09:44'),
(3, 23, 'Claudine Paris-Antoine', '<p>Itaque eligendi laudantium dignissimos aut illo et. A unde sit ut rerum. Molestiae molestiae voluptatem autem dolorem sunt vel. Nemo sequi aliquid necessitatibus id modi rerum voluptas.</p><p>Dolores et provident quod voluptatem. Enim error quae magni culpa dolores at nostrum. Atque consequatur dicta et maxime.</p>', '2019-03-13 08:50:48'),
(4, 23, 'Alice de Valette', '<p>Sequi omnis recusandae quia odit error. Est ut consequatur qui amet sed dicta velit. Omnis eligendi commodi adipisci rem provident. Dignissimos quisquam voluptas pariatur sed quis voluptate ea.</p><p>Velit eligendi ad eos est magni. Ut nostrum sunt hic et magni aperiam. Repellendus qui cupiditate nemo vero.</p>', '2019-02-27 19:37:29'),
(5, 23, 'Françoise Francois', '<p>Ut et quaerat dolor soluta ipsum. Similique libero excepturi quia tempore. Voluptas est fuga qui ea unde. Commodi rem voluptas odit dolores ea dolorem tempora sapiente.</p><p>Qui ea esse et repellendus eius unde dolor. Tenetur facilis omnis rerum. Nulla sit explicabo qui non dolorem.</p>', '2019-02-17 06:55:59'),
(6, 23, 'Nathalie Gallet', '<p>Qui repellendus velit quos et id dolor. Libero et aut magnam pariatur consequuntur. At omnis non quod. Dolores modi placeat itaque corrupti deleniti sit non cumque.</p><p>Sed quia incidunt in. Porro necessitatibus fugit officia doloribus omnis nesciunt ipsa. Qui delectus ad dolor eum esse eum.</p>', '2019-03-04 06:33:37'),
(7, 24, 'Geneviève Munoz', '<p>Culpa excepturi rerum aliquam tempora delectus in voluptas. Iure laborum aliquid ipsum quae ullam consequatur sed. Optio cumque nihil similique explicabo.</p><p>Maxime quibusdam nihil voluptas est. Porro tempora aut nulla quod ut odio nihil. Libero laudantium laborum impedit voluptatem et.</p>', '2019-03-13 23:21:17'),
(8, 24, 'Nath Torres', '<p>Eos et dicta reiciendis praesentium autem animi. Rerum dicta sit culpa dolorem aut. Eos sed modi rem optio corrupti accusantium.</p><p>Alias in repellat sapiente quo ut. Alias qui quo dolor. Suscipit nesciunt ex voluptate iste.</p>', '2019-02-04 06:56:49'),
(9, 24, 'René Le Ruiz', '<p>Non id fugit recusandae ad quae atque sapiente. Aut ipsa reiciendis dolores corporis. Natus ipsum cumque accusamus facere qui corporis aut. Voluptas deleniti non sit officia. Quis id quas et odit nisi vitae modi.</p><p>Excepturi ab illum aliquam earum voluptates facilis. Eveniet eos ut recusandae deserunt. Facilis in placeat amet optio et distinctio. Molestiae fugiat pariatur et nobis.</p>', '2019-01-13 20:30:49'),
(10, 24, 'Hugues Georges', '<p>Est expedita sit exercitationem nobis corrupti. Possimus quae sit dolores aut fuga. Fugiat ducimus praesentium et porro quos. Sit molestiae aut qui dolor et.</p><p>Autem quod repellat est qui quis ut sunt. Aspernatur quos nesciunt et aliquid asperiores autem. Ullam id quasi fugiat sunt. Aut est deserunt similique amet.</p>', '2019-03-03 17:25:40'),
(11, 24, 'Marthe-Lorraine Chevalier', '<p>Ut ut porro eligendi sit quia dolore et non. Ullam neque molestiae sint ut. Adipisci esse ut architecto cumque dicta animi ut.</p><p>Cum sint quaerat commodi. Molestias necessitatibus voluptates rerum recusandae ut mollitia tempora. Eum quam quisquam molestiae quod hic.</p>', '2019-03-14 03:49:33'),
(12, 24, 'Diane Maurice', '<p>Dolor ut pariatur voluptate sit quod perferendis tenetur. Quibusdam porro occaecati natus qui ullam soluta.</p><p>Libero blanditiis quia voluptatem cumque et. Velit velit voluptas cumque occaecati aspernatur reprehenderit. At deserunt a et eum. Eum illum cumque et blanditiis qui minus.</p>', '2018-12-12 07:26:01'),
(13, 24, 'Emmanuelle Schmitt', '<p>Pariatur cupiditate eligendi voluptatem et vitae. Alias alias assumenda id omnis et iste sapiente. Optio saepe magni minus molestiae est ipsum.</p><p>Ea eos sapiente repudiandae excepturi sed debitis. Non natus odit velit. Eius et magnam magnam in error soluta debitis.</p>', '2018-12-05 16:04:42'),
(14, 24, 'Laetitia Raymond', '<p>Numquam voluptatem sint hic unde fugiat quod voluptates. Nostrum sunt et et laborum aut id. Ut perspiciatis deserunt sunt totam. Excepturi commodi architecto aut. Sunt facilis quis aut praesentium esse et.</p><p>Tempora qui ut dignissimos dicta. Ab ut est sunt dolores. Minus quis veritatis nesciunt placeat fugiat.</p>', '2019-03-18 19:35:24'),
(15, 25, 'Patrick Hardy', '<p>Molestias culpa velit ab eaque quibusdam odit deserunt. Ad fugit adipisci ea laborum praesentium qui. Voluptates totam repellat reiciendis voluptatem sunt beatae. Et illum officia rerum distinctio assumenda nihil illum.</p><p>Nam sed dignissimos quibusdam in ea minus distinctio architecto. A est eaque quisquam laboriosam. Sint ea omnis velit id autem corporis.</p>', '2019-02-18 09:23:31'),
(16, 25, 'Philippine Michel', '<p>Quibusdam aspernatur cum voluptatem odit ad et quidem non. Quidem repudiandae accusamus est earum nemo recusandae.</p><p>Quidem dolorem occaecati quisquam et quidem atque. Ipsa ea quo officiis. Et explicabo enim aut maxime vitae saepe sed. Voluptas inventore similique nihil dolores in.</p>', '2019-02-19 00:47:52'),
(17, 25, 'Tristan Lesage', '<p>Nam sed amet deserunt repudiandae illo omnis molestiae error. Aspernatur quo quod non est. Quis numquam quo quia.</p><p>Impedit animi omnis quibusdam odio quis consequatur in. Eius voluptatem fuga facere ullam. Dolorem rerum et harum. Numquam doloremque magnam occaecati consequuntur qui culpa magnam dolore.</p>', '2019-02-17 13:52:00'),
(18, 25, 'Patricia-Zoé Breton', '<p>Recusandae enim eius et harum dolores omnis. Aut quae blanditiis a tenetur. Nobis est architecto reprehenderit eos ut. Occaecati velit rerum explicabo alias.</p><p>Eum sit itaque sed nihil voluptatum. Odio saepe voluptatum tempora incidunt. Quisquam dignissimos et et. Ab ut ut ut voluptas animi quo accusamus.</p>', '2019-02-24 00:53:45'),
(19, 25, 'Michelle Michaud-Guerin', '<p>Magnam omnis officia aspernatur quia quo distinctio ullam illo. Sunt fuga ad quo fugiat quos voluptatibus quae culpa. Optio tenetur corporis est ex blanditiis fuga ea. Voluptatem aut ea facilis enim.</p><p>Quam tempore enim cumque quidem. Enim est ullam dolores cum repellendus praesentium neque. Quasi et perferendis nesciunt et. Id voluptatum occaecati laudantium vel et tenetur.</p>', '2019-03-26 20:59:35'),
(20, 25, 'Jérôme Perez', '<p>Sit maxime vitae numquam et est. Ut adipisci animi omnis laboriosam rerum suscipit nostrum. Aspernatur fuga libero autem nihil dolores.</p><p>Velit est sunt est in cum quas necessitatibus eum. Eum provident impedit voluptatem aliquam nobis. Non expedita numquam unde eum enim quis. Itaque quia perferendis quidem cupiditate sit. Repudiandae sit id consequatur voluptas consequuntur impedit aliquam aut.</p>', '2019-03-20 14:16:37'),
(21, 26, 'Denis Parent', '<p>Sed accusamus necessitatibus et sint sunt aut at. Hic quam nisi a vitae est. Necessitatibus sunt accusamus accusamus est deserunt omnis.</p><p>Porro laboriosam accusamus rerum sit accusantium. Quibusdam fugit a quisquam eius ut qui.</p>', '2019-03-23 07:40:27'),
(22, 26, 'Stéphane-Nicolas Bousquet', '<p>Sunt nesciunt doloremque inventore officiis sapiente totam rerum. Et nam nam quo non saepe velit in. Quia aliquam officiis quia. Modi consequatur voluptatem quas.</p><p>Exercitationem adipisci et est unde. Necessitatibus consequatur laboriosam repudiandae repudiandae et eum repellat. Cupiditate inventore omnis autem sed est quia quas a. Modi eos quia ducimus consectetur.</p>', '2019-02-13 18:09:48'),
(23, 26, 'Bernadette Pierre', '<p>Ut dicta repellendus deserunt nesciunt accusamus omnis. Quisquam facilis autem beatae magnam quaerat omnis ullam. Autem quisquam maiores omnis quod consequatur voluptate aliquid. Placeat vel est officia rerum sed pariatur.</p><p>Culpa a a possimus aut similique ut quasi et. Nesciunt sequi itaque eos. Officia dicta ut quis est maxime.</p>', '2019-03-24 18:40:28'),
(24, 26, 'Henri Buisson', '<p>Ea et eum beatae sapiente veniam id. Voluptatem culpa fuga sed autem ut quod. Et vel incidunt nemo dolor est consequuntur. Sunt velit quo culpa est eveniet voluptatibus.</p><p>Voluptatem eveniet quae deleniti facilis architecto. Et tempore dolores eius. Et harum porro accusantium.</p>', '2019-02-11 05:59:54'),
(25, 26, 'Grégoire-Jérôme Coulon', '<p>Voluptas voluptas et mollitia quia minima. Repudiandae iusto harum vel. Quam nam earum adipisci voluptatum. Consequuntur inventore eligendi eum aperiam perspiciatis.</p><p>Dignissimos eum et facilis. Porro aliquam in ut totam. Fuga sunt quae veniam dicta quo.</p>', '2019-02-26 18:50:46'),
(26, 26, 'Alain Letellier-Lopez', '<p>Id numquam ut mollitia soluta. Deserunt sit amet deleniti doloremque. Ut cupiditate doloremque ut nesciunt nemo assumenda cum. Voluptas dolor voluptatibus libero et quod deserunt magnam similique. Sit excepturi deleniti incidunt rem.</p><p>Omnis est voluptatibus sunt corrupti repellendus enim rerum. Amet soluta adipisci accusantium error qui dicta. Et cumque officiis quasi iste. Ab similique quas nobis.</p>', '2019-03-27 05:34:06'),
(27, 27, 'Isaac Le Chartier', '<p>Ut molestias voluptatem nobis quis. Nihil dolor eveniet hic. Sed quasi et doloremque temporibus dolore aut corporis et. Eum facilis enim eos maiores tenetur corrupti deserunt nesciunt.</p><p>Aut sapiente corporis delectus voluptatibus ea voluptatem unde ut. Nisi qui libero id corrupti explicabo porro. Debitis rerum et cupiditate necessitatibus laboriosam ut animi itaque. Id vel eaque minus itaque doloremque.</p>', '2019-03-04 16:27:35'),
(28, 27, 'Bertrand de Faivre', '<p>Laudantium quia a eius rerum fuga. Fuga aspernatur voluptatibus voluptates qui fugiat alias. Unde natus repellat maxime maiores eos cumque. Iusto accusamus in et provident deleniti.</p><p>Iusto quod et qui eveniet eaque saepe. Velit dignissimos earum debitis ut.</p>', '2019-03-18 18:05:32'),
(29, 27, 'Tristan Marin', '<p>Ad ut corrupti enim magnam et. Nulla enim rerum veritatis quisquam alias. Incidunt id praesentium quasi debitis ut ut qui.</p><p>Quos beatae temporibus non fugit. Aut earum velit esse omnis sit voluptas. Laborum nihil eaque sit accusantium consequatur sequi. Veritatis consequatur nulla quibusdam adipisci.</p>', '2019-03-30 00:17:24'),
(30, 27, 'Émile Guillou', '<p>Corrupti et qui in consequatur eos. Quos atque non ut quia consequatur suscipit dolore. Alias aut aut unde fugit iusto. Accusantium neque qui ducimus dignissimos.</p><p>Est eius sint aliquid officia harum sunt in. In repellat iste possimus quo cupiditate sed. Inventore odit voluptatem distinctio ex reiciendis suscipit. Ducimus nesciunt dolor voluptatem repellat rem a.</p>', '2019-03-01 08:06:27'),
(31, 28, 'Édith Joubert', '<p>Ut in sed saepe quae natus ducimus omnis minima. Ratione sapiente ducimus sed quod dolorum. Qui dolorem vel libero sed quos assumenda. Cum praesentium aut repellat minima possimus ad qui.</p><p>Sed officia blanditiis eos temporibus esse provident. Voluptates exercitationem quos rerum eos quia doloribus. Enim aspernatur et labore et occaecati non accusantium.</p>', '2019-01-17 14:06:15'),
(32, 28, 'Laurent Besnard', '<p>Dolorum voluptas quis repellat dolorem. Accusamus veritatis repudiandae excepturi aut consequatur. Omnis quam provident corrupti nostrum est et. Voluptatem molestiae libero minima autem quibusdam asperiores odio.</p><p>Architecto voluptatem quia est et et. Placeat quis voluptas voluptate aut ipsum aut. Ut et fuga magnam delectus omnis. Autem non quis atque est excepturi quisquam. Sapiente saepe qui voluptate eaque ipsa sunt vitae.</p>', '2018-10-27 14:24:34'),
(33, 28, 'Margot Didier', '<p>Iure esse et qui aspernatur nisi deleniti consequatur. Exercitationem distinctio magni non sunt est. Sed et officiis accusamus et. In nobis vel sed in non et aut.</p><p>Et dolor officiis rerum sequi accusamus. Sint et incidunt consequatur doloremque illum autem delectus dolor. Ipsum aut nihil dolorem corporis. Esse placeat voluptates qui magnam autem et enim mollitia.</p>', '2019-03-19 14:19:26'),
(34, 28, 'Louis Gimenez', '<p>Qui sint dolores et nisi hic fuga. Consectetur asperiores modi mollitia. Aspernatur esse at nesciunt debitis. Repudiandae sit iure labore qui harum iure. Consequatur explicabo alias similique quaerat mollitia ut.</p><p>Sint itaque laboriosam doloribus aut. Reiciendis autem ut beatae soluta aut. Nulla hic atque rerum doloribus explicabo quia voluptas.</p>', '2019-02-06 01:56:35'),
(35, 28, 'Valentine Gaillard', '<p>Enim harum est quas aperiam voluptatibus iusto incidunt. Expedita veniam molestias natus molestiae. Ut perferendis occaecati ut omnis consectetur numquam et. Ut qui veniam molestias eos consequatur velit atque.</p><p>Distinctio a quo aspernatur quaerat voluptatem quae. In sed ducimus et odio neque. Sed corrupti ratione velit molestias quae doloremque. Sit reiciendis labore ad sunt maxime dolore.</p>', '2018-12-14 12:55:13'),
(36, 28, 'Madeleine Begue', '<p>Tempore autem tenetur quia. Sit non cumque laboriosam omnis at accusamus est. Qui et consequuntur sed voluptatem omnis est quod sit. Eveniet maiores dolores quia accusantium sint.</p><p>Excepturi quasi quos esse rerum. Quis et quia voluptas et esse in numquam. Nobis nesciunt voluptates quia voluptas saepe aliquid est. Excepturi officia optio pariatur fugiat odio consequatur velit et.</p>', '2019-01-18 22:51:01'),
(37, 29, 'Paul-Victor Guillot', '<p>Sed sed et aperiam corrupti voluptates distinctio. Reiciendis quisquam minus et.</p><p>Debitis beatae molestiae ut et sed. Id ipsam quia repudiandae voluptatem minus. Sed voluptatum voluptatem et assumenda aut aut.</p>', '2019-03-05 14:32:52'),
(38, 29, 'Éric de la Bernier', '<p>Commodi eum amet omnis quia omnis est. Ut cumque voluptatem soluta asperiores est corporis modi. Id expedita aspernatur accusamus nostrum velit consequatur.</p><p>Provident eaque quia facilis recusandae corporis nobis molestias ea. Iusto ut in fuga quisquam ea at nesciunt eos.</p>', '2019-03-14 02:30:35'),
(39, 29, 'Véronique du Bazin', '<p>Nihil ut autem error perspiciatis consequatur debitis corporis. Velit commodi reprehenderit aut.</p><p>Rerum vel reprehenderit sit eligendi est animi sapiente. Odio animi ratione aspernatur adipisci. Perferendis explicabo corrupti saepe aut officiis modi.</p>', '2019-03-16 14:24:56'),
(40, 29, 'Michel Dos Santos', '<p>Animi sed qui ut molestiae aut rem. Dolorem et voluptatem officia omnis eum. Et ab est eaque necessitatibus harum suscipit veniam. Ipsam exercitationem rerum molestias.</p><p>Eos amet consequatur sint eos ut cupiditate. Quae possimus eaque totam ratione. Eveniet mollitia corrupti consequuntur nostrum et voluptate. Consequatur unde consequatur et similique occaecati quis nam dolores.</p>', '2019-03-13 05:50:43'),
(41, 29, 'Isabelle Labbe', '<p>Ullam libero voluptate et est. Vel voluptate ea et odio doloribus laboriosam dicta. Porro vitae distinctio at. Possimus eos et quod quidem pariatur cum.</p><p>Quas sapiente vero dicta. Autem soluta quia alias vero. Tempore ut aut et consectetur sit non sequi. Impedit hic quia delectus fugiat dolores.</p>', '2019-03-16 00:35:27'),
(42, 29, 'Denise Marty', '<p>Dolorem et molestiae et ut aperiam quia. Asperiores libero voluptate unde dolorem harum eligendi eos voluptatum. Et unde nisi est et fuga et consequatur.</p><p>Et id est ea numquam quis. Culpa blanditiis nihil architecto laborum. Autem qui unde a nihil praesentium corrupti. Natus aut consequatur dolore dolorem.</p>', '2019-03-29 11:29:16'),
(43, 30, 'Dominique-Guillaume Neveu', '<p>Placeat voluptas beatae incidunt quas assumenda. Quibusdam ut quis vero iusto distinctio. Accusamus qui et dolorem quam quia aut omnis. Corrupti pariatur ullam doloribus voluptatem quis qui. Cumque placeat aut accusantium fuga ullam sint.</p><p>Eos quam magnam vero voluptatem autem. Ipsum voluptas vel pariatur ipsa.</p>', '2019-03-21 13:05:25'),
(44, 30, 'Cécile Olivier', '<p>Hic a repellat distinctio. Expedita et ea aut error ea corporis iure. Explicabo debitis sit autem deleniti est.</p><p>Incidunt ut suscipit et libero. Cum rerum est aspernatur unde. Fugit sunt consequatur minus ad est.</p>', '2019-03-26 22:17:53'),
(45, 30, 'Lucas de Legrand', '<p>Et hic eius expedita debitis commodi. Animi itaque et officiis qui voluptatem autem. Occaecati laboriosam quo modi ut excepturi mollitia.</p><p>Nemo autem molestiae vero. Non esse sed praesentium numquam qui reprehenderit blanditiis. Accusamus optio quo maiores magnam deleniti omnis. Maxime amet dolorem quos reprehenderit facilis quo voluptatibus tempore. Est debitis corrupti fugit.</p>', '2019-03-28 15:15:38'),
(46, 30, 'Anaïs Weiss', '<p>Ad pariatur facere laboriosam aliquid. Odio est et dolorem molestiae.</p><p>Nihil minus voluptatem labore provident. Labore sunt dolor ad aliquam vel. Voluptas sunt et ut.</p>', '2019-03-14 14:30:33'),
(47, 30, 'Benoît Fabre', '<p>Voluptatem ipsum omnis quia animi vel voluptatem. Explicabo necessitatibus nisi delectus ea eum. Perspiciatis asperiores ducimus non assumenda nihil explicabo esse sunt.</p><p>Et est quisquam et sunt. Autem consectetur libero temporibus nemo officiis. Est quibusdam numquam fugiat. Qui rerum pariatur qui suscipit doloribus aut architecto quidem.</p>', '2019-03-18 07:11:05'),
(48, 30, 'Jérôme Bertrand', '<p>Magnam omnis maiores maiores officiis quia necessitatibus omnis. Repudiandae voluptates est laboriosam molestias repellat. Minima impedit sint qui expedita commodi consequatur.</p><p>Numquam illo ipsa iste ipsam quis. Sint voluptatem dolorem corporis sapiente id error tempora. Tenetur nemo rerum illum ducimus provident consequuntur.</p>', '2019-03-22 21:41:39'),
(49, 30, 'Richard Caron-Dufour', '<p>Consequatur ut mollitia dolores nam id consequatur exercitationem. Rem consequuntur doloribus provident. At corrupti placeat modi sed voluptatum.</p><p>Dolore veritatis ipsum sed quisquam exercitationem natus voluptas. Aspernatur accusantium ratione aut. Eos eaque qui autem nam ratione sed rem.</p>', '2019-03-21 17:19:33'),
(50, 30, 'Sébastien Fouquet', '<p>Dolores consectetur sint laboriosam culpa autem corporis. Dicta necessitatibus modi perferendis sapiente molestiae aut tempore. Tenetur a non vitae soluta. Voluptate quidem laboriosam aut dolores in. Assumenda illo eos quos ea.</p><p>Laudantium cupiditate quis magnam odit perspiciatis. Voluptatem eos enim hic odit incidunt voluptatibus. Vero voluptate omnis quia laborum itaque repellat ea. Qui itaque animi earum voluptate.</p>', '2019-03-14 19:49:33'),
(51, 31, 'Catherine Hardy-Baudry', '<p>Iusto neque in placeat libero omnis minus numquam. Suscipit rerum sit ipsum exercitationem. Pariatur quae ipsa qui assumenda dolore.</p><p>Voluptatem aut fugit ipsum culpa. Enim quis labore dolorem non dolorem dolor. Vel natus sit rerum. Quos eum reprehenderit perferendis in occaecati numquam sed. Ut quam voluptatibus quos eum.</p>', '2019-03-28 15:51:36'),
(52, 31, 'Yves Albert', '<p>Saepe et nisi dolores excepturi iste. Maxime odio at saepe. Quisquam eligendi sit exercitationem est enim magni porro. Veniam dolor optio quam.</p><p>Sed aut ut molestiae sunt dolores doloribus odio hic. Et porro voluptatem veritatis culpa. Qui facilis eum est laborum reiciendis quas dolorum quo. Quia officia est est laudantium velit ut magnam.</p>', '2019-03-15 01:48:00'),
(53, 31, 'Suzanne Mace', '<p>Voluptas voluptatem fugiat numquam quae blanditiis in est. Quia ut laboriosam amet et nulla. Blanditiis laboriosam hic labore quia sapiente molestias. Sit sint ab impedit tempore.</p><p>Dolores neque distinctio enim. Ut quos molestiae sint et atque assumenda tenetur. Sit voluptates voluptas nisi in cupiditate.</p>', '2019-03-20 04:38:38'),
(54, 31, 'Margot Fernandez', '<p>Nulla eum odio harum corrupti error. Velit a possimus est aut tenetur ea. Itaque provident rerum nesciunt quidem aut quisquam quia.</p><p>Nulla aut sapiente modi autem iste labore enim. Incidunt non iusto aut quo a pariatur non. Optio tenetur aliquam est aliquid eveniet repudiandae. Nobis ad necessitatibus vel autem.</p>', '2019-03-11 08:12:37'),
(55, 31, 'Alain Renault', '<p>Placeat modi architecto vel dolorem voluptatem fugit sed exercitationem. Est repellendus ab facilis eum repellat cum omnis voluptatem.</p><p>Non est omnis qui in magnam iusto ullam. Magnam ab illum aut veritatis voluptatem atque. Modi eum doloremque recusandae ipsum necessitatibus autem facilis. Autem temporibus tempora sit asperiores.</p>', '2019-03-29 14:36:59'),
(56, 32, 'Marine Remy', '<p>Molestiae rem et consequuntur et doloremque. Tenetur quasi voluptatem itaque qui est.</p><p>Labore est ut vitae vitae ipsa fugiat. Velit laboriosam perferendis qui nostrum voluptas. Voluptate minima et temporibus error nihil vero.</p>', '2019-03-26 06:12:11'),
(57, 32, 'Lucy Brun-Lesage', '<p>Quia id et rem. Officia in maiores incidunt et omnis quaerat adipisci. Nulla sapiente voluptatibus voluptatum magnam fugiat cumque. Voluptatem quod assumenda et quis sint culpa.</p><p>Natus ut rerum laudantium voluptatibus atque omnis. Consequuntur sunt ratione amet et non dolor. Quas autem explicabo nostrum laborum.</p>', '2019-03-28 21:22:39'),
(58, 32, 'Guillaume Hebert', '<p>Non sequi dicta rerum. Repellat ducimus quia sunt quia.</p><p>Consequatur neque optio nihil qui sunt nemo velit suscipit. Magnam quidem tenetur sint culpa ducimus non.</p>', '2019-03-31 14:07:30'),
(59, 32, 'Michelle Hamel', '<p>Aspernatur tempora magni velit ut nesciunt in consequuntur illo. Id omnis quia aut ut qui ea aut. Magni nihil voluptatibus harum laudantium et libero libero. Similique accusamus aspernatur expedita consequatur.</p><p>Et dolorum fugiat consectetur et distinctio fuga non qui. Aut iste praesentium laborum eveniet voluptas voluptatem. Sunt eos libero debitis incidunt laborum illo quod. Libero et cum ut magni explicabo soluta.</p>', '2019-03-11 02:56:19'),
(60, 32, 'Luce Letellier', '<p>Voluptatum recusandae et voluptatem nisi itaque quis. Voluptatem quia iste nisi cum vel sit in ipsum. Placeat atque iste nesciunt omnis corporis corporis repudiandae. Perspiciatis illo earum ullam sit dignissimos esse.</p><p>Dolor quis rerum illum doloremque rerum eligendi. Voluptatem odio quia ut ea. Adipisci sed odit est odit delectus in.</p>', '2019-03-13 19:02:58'),
(61, 32, 'Laure Bernard', '<p>Maxime alias ut voluptatibus omnis. Voluptatem dignissimos ad fugit et. Necessitatibus quia modi consequatur veniam. Porro sed consectetur consequuntur quo natus.</p><p>Ut odit nulla nemo dolorem dolorem. Repellat dolores velit deserunt dolor distinctio quia. Sed accusantium sit quod error sed. Aut vero voluptatem accusantium.</p>', '2019-03-14 02:20:58'),
(62, 32, 'Sabine Gillet', '<p>Sunt nihil cum commodi perspiciatis saepe officiis qui. Dolor iste illo architecto illum. Vel nihil deleniti illum quos. Omnis corrupti tenetur est magni consequuntur nihil.</p><p>Ipsa dolor earum nesciunt aliquam. Commodi totam praesentium occaecati voluptatem ipsam. Voluptate et id aut odio. Quis fugiat nostrum vel cum vitae exercitationem.</p>', '2019-03-25 22:48:52'),
(63, 32, 'Michelle Diaz', '<p>Temporibus doloribus repellat ut qui accusamus. Odio beatae sit quo consequatur velit iure. Quia quidem in ea illum.</p><p>Velit quis facere expedita. Deleniti ipsum id doloribus id tempora debitis. Quam ut vel tempora officiis rerum ut qui. Nobis veniam consectetur molestiae quia.</p>', '2019-03-29 16:48:16'),
(64, 33, 'Xavier Mercier', '<p>Molestiae nihil sunt quos reiciendis. Ducimus reprehenderit voluptate officia sequi. Qui quos sit rerum dolores enim inventore. Commodi hic in harum perspiciatis debitis quia debitis.</p><p>Harum quam debitis mollitia at optio qui cum labore. Vel sit quia soluta accusamus. Aut est temporibus nam unde. Provident voluptates iste et natus qui.</p>', '2019-03-25 23:33:16'),
(65, 33, 'Jérôme Gimenez', '<p>Officiis cum nisi est sunt. Et eius nulla cum exercitationem est. Nisi sed aut et.</p><p>Dolor magni ducimus qui. Modi et neque fuga nemo quis. Sed odio sed labore nihil ex. Neque in sunt rerum.</p>', '2019-03-30 16:04:17'),
(66, 33, 'Luce de la Lesage', '<p>Ipsum cumque consequatur maiores numquam tempora cumque. Omnis deleniti et voluptate ab expedita libero incidunt. Est dolores fugiat consequatur nulla vel quaerat vel dolor. Dolorum reprehenderit dolorem provident atque.</p><p>Ut voluptatibus odit dolores blanditiis id doloribus. Et excepturi velit aliquam enim assumenda provident consectetur. Hic nobis est consequatur dignissimos. Fugiat sunt quo amet eos delectus expedita explicabo.</p>', '2019-03-26 14:32:36'),
(67, 33, 'Augustin Raynaud', '<p>Sint officia repellendus quis atque. Dolorem magni consequatur voluptatem voluptatibus rerum recusandae temporibus. Sint sunt ullam veniam ut. Consequatur rerum velit reprehenderit accusamus quis qui porro.</p><p>Animi architecto ad deserunt. Quas enim in quo soluta non nihil qui. Animi ab nobis eos accusamus esse et labore quia. Ut iure natus illum assumenda iste.</p>', '2019-03-28 10:32:29'),
(68, 33, 'Michelle Blanchet', '<p>Quo adipisci maiores aut saepe. Odit aut recusandae officia ea distinctio. Et laudantium necessitatibus repellendus omnis ut non earum architecto. Molestiae quas ut nisi eum.</p><p>Commodi rerum doloribus voluptates earum nobis eius incidunt. Velit officiis ut cumque. Voluptas ratione quo debitis. Necessitatibus id laboriosam ratione mollitia perferendis qui.</p>', '2019-03-27 12:52:02'),
(69, 33, 'Alfred Carpentier', '<p>Ut nostrum et architecto. Sint velit architecto maiores sint laudantium illum id. Quis quia nihil omnis qui qui delectus. Hic quibusdam repellat rem qui.</p><p>Et quia assumenda repellat natus et. Et et inventore mollitia eveniet enim voluptatem quod. Pariatur rem inventore ut omnis quae. Repudiandae sit ex aut similique aut occaecati quos.</p>', '2019-03-30 19:16:26'),
(70, 33, 'Honoré Boutin-Salmon', '<p>Aut a porro rem. Dolorum quis ipsam perspiciatis eligendi ipsum dolore temporibus. Voluptas dolorum nemo praesentium nihil. Cum saepe voluptatem ea perspiciatis quis quas molestiae.</p><p>Expedita adipisci exercitationem consectetur ducimus cum. Atque qui incidunt quae saepe molestias voluptatum. Optio dolorum sed dolore sunt.</p>', '2019-03-26 06:27:32'),
(71, 34, 'Stéphanie Foucher', '<p>Velit perferendis praesentium similique hic. Et occaecati perspiciatis cupiditate et nihil.</p><p>Quo nulla sunt ut alias ut autem. Voluptas est maxime temporibus. Ipsam quia est ut. Dolorem ipsum voluptatum nemo ut.</p>', '2019-01-27 06:20:47'),
(72, 34, 'Margaret Leblanc', '<p>Dolorum rerum perferendis earum vel facilis nulla animi. Voluptatem autem qui distinctio quam sequi libero. Ut nihil cum dolore aut reprehenderit molestias esse.</p><p>Molestiae aspernatur qui modi. Perspiciatis eos adipisci dolorem voluptatem nam enim. Aliquid nobis provident itaque facere atque consectetur quod.</p>', '2018-12-29 18:54:19'),
(73, 34, 'Patrick Martineau', '<p>Totam id aut adipisci culpa voluptatibus error aut. Cum deserunt laudantium quia aperiam velit. Totam ex autem beatae eaque tempora eum.</p><p>Architecto fuga similique et aut autem minus omnis. Molestiae ex et et necessitatibus explicabo blanditiis dolores. Et libero occaecati quibusdam totam eos veritatis eum. Doloribus nihil id tempora asperiores itaque non veniam.</p>', '2019-03-10 05:41:52'),
(74, 34, 'Olivier-Xavier Regnier', '<p>Tempore aut et aspernatur ipsa. Exercitationem culpa fugit deleniti minima fugiat iure. Consequatur nihil dolor rerum et omnis dolorem aspernatur. Omnis minima ut odio ut labore ducimus.</p><p>Enim doloremque nesciunt ut animi ipsam. In voluptatem voluptatem odit iusto molestiae sed cum excepturi. Omnis voluptatem sed blanditiis aut sunt.</p>', '2019-01-02 19:01:48'),
(75, 34, 'Benjamin Letellier', '<p>Repudiandae qui expedita sit eos. Autem architecto unde qui voluptatem non. Consequatur non recusandae et aut eos expedita.</p><p>Excepturi commodi aut rerum eligendi labore sed et. Ut cumque quisquam sapiente deserunt cum omnis non. Facere reprehenderit quasi amet eum veniam.</p>', '2018-12-01 05:56:37'),
(76, 34, 'Gilles Nicolas', '<p>Laborum nulla adipisci dolor ex voluptatum. Dolor consequatur eos sint sed ut voluptas. Eum quidem in maxime rerum veritatis quam velit.</p><p>Voluptas est magnam est dolor quas. Numquam fugit rerum iure consequatur. Provident molestias maxime nesciunt delectus ipsum.</p>', '2019-02-15 12:14:46'),
(77, 34, 'Laurent Barthelemy-Valette', '<p>Quo ratione pariatur sapiente quia doloremque dicta commodi. Quia veritatis ex culpa odio et atque sunt. Consequuntur ipsum ut repudiandae occaecati nemo enim aspernatur.</p><p>Repellendus at ab iste voluptas similique adipisci et. Et qui earum eos tenetur modi aut laudantium et. Nihil voluptas nostrum laborum voluptatum omnis ducimus aut. Quaerat voluptas dolor ut sed aut.</p>', '2018-12-08 16:33:51'),
(78, 35, 'Georges Gonzalez', '<p>Repudiandae et iusto qui. Sed libero molestiae nesciunt at. Ut autem rem minus quo et nemo vel. Omnis et fugit blanditiis nobis consequatur et minima.</p><p>Magni necessitatibus quis consectetur velit quos est minima est. Totam illum qui suscipit architecto dolorem. Consectetur suscipit ex consequatur sit neque quia quasi.</p>', '2019-03-02 11:08:00'),
(79, 35, 'Emmanuel-Thibaut Schmitt', '<p>Enim ut dolorem id omnis harum et ea. Rerum sint et velit numquam quia sequi. Nisi et sit et ut sint eos. Qui doloremque culpa tempore quia quibusdam non at.</p><p>Dignissimos quaerat voluptatem tenetur dolorum. Neque non quam asperiores minus beatae. Fuga voluptatem quaerat odit maxime quod.</p>', '2019-03-27 17:17:31'),
(80, 35, 'Marianne Jourdan', '<p>Aperiam est tenetur autem laborum facere reprehenderit aliquid. Aut error accusantium sit voluptatibus. Rerum minus consectetur perferendis. Debitis alias blanditiis est facere debitis corporis sed.</p><p>Et sunt consequuntur non sed laborum. Debitis quos sunt ullam. Tempora officiis laudantium suscipit.</p>', '2019-01-29 17:16:35'),
(81, 35, 'Gabriel Hardy-Marchal', '<p>Cum architecto repellat repellat fugit ea nemo voluptas. Sit consequatur ullam qui nostrum voluptas in. Aut deleniti aut aut vel blanditiis.</p><p>Est quia fugit est recusandae et. Suscipit at quia id odio blanditiis ut est adipisci. Ratione sunt dolor incidunt quia. Voluptatum excepturi consequatur et a.</p>', '2019-01-28 22:22:31'),
(82, 35, 'Xavier Cohen', '<p>Vero ut nulla consectetur reiciendis illum voluptatem. In unde quos dolores impedit et illum ipsam. Est et est deleniti quia sint. Est temporibus a ullam excepturi qui et eos explicabo. Unde rem sed expedita iste vel dolorum pariatur vel.</p><p>Distinctio et quis at minus eaque. Et qui minus consequuntur cum ut. Vitae minima corporis aspernatur ratione recusandae sit laboriosam.</p>', '2019-01-23 19:12:44'),
(83, 35, 'Gérard-Frédéric Becker', '<p>Est voluptate recusandae expedita consequuntur fuga ea. Maiores quod ut illum corrupti eius. Temporibus voluptatem minima veniam.</p><p>Dolores voluptas et consectetur dicta. Soluta qui delectus sapiente ut temporibus. Assumenda veniam officia aut voluptas eligendi et ut est. Fugit natus quae et est rerum.</p>', '2019-01-17 18:32:37'),
(84, 35, 'Cécile-Alix Denis', '<p>Perferendis et consequuntur in sapiente dicta vel sequi. Ducimus nihil consequuntur non odit itaque et ut. Voluptatem rerum autem earum accusamus cumque. Eius nesciunt impedit ea nihil nobis.</p><p>Consequatur sit exercitationem ut voluptas ut. Eos aut laboriosam quo et animi animi et. Ducimus debitis suscipit atque esse labore est rerum.</p>', '2019-02-06 01:45:33'),
(85, 36, 'Laure de la Delannoy', '<p>Velit voluptas eum fugiat quia. Rerum vel non temporibus culpa. Corporis eius laudantium labore porro. Et qui earum expedita ut.</p><p>Ut omnis mollitia numquam asperiores distinctio. Ullam iusto recusandae labore temporibus.</p>', '2019-02-15 12:55:28'),
(86, 36, 'William Laine', '<p>Cumque eos qui exercitationem aut voluptatibus qui. Asperiores suscipit labore sunt minima et quas. Repellat est quaerat nesciunt illum praesentium sint eos. Impedit commodi fugiat voluptatem velit.</p><p>Atque deleniti quibusdam beatae. Amet veniam et incidunt error nam non nesciunt. Quia nobis corporis a neque illum.</p>', '2019-02-10 20:47:49'),
(87, 36, 'Rémy Lecomte', '<p>Officia rem cum aut vel et rerum. Reiciendis laudantium laborum modi et ea. Error occaecati aperiam dolore sit est iure veritatis. Tempora et in laboriosam eos ipsa tempore ut voluptate.</p><p>Incidunt sint beatae qui vel. Commodi autem soluta et. Reiciendis fugit doloremque officia expedita autem. Sed deleniti praesentium laborum voluptas aut.</p>', '2019-01-31 02:37:51'),
(88, 36, 'Suzanne-Henriette Lesage', '<p>Praesentium eligendi architecto rerum nesciunt pariatur quo. Qui aliquid perferendis ipsum dolore laborum porro sint quis. Quo cum accusantium in eaque dolores. Corrupti deserunt in ducimus animi dolores fuga in totam. Ut nihil totam recusandae corporis numquam.</p><p>Quaerat iste id fugiat. Illo quidem esse dolorum deleniti ipsum dolorem. Quo omnis fuga quod impedit explicabo. Sunt rem nulla magnam.</p>', '2019-01-04 12:27:45'),
(89, 36, 'Claire Parent', '<p>A in ipsum aut accusantium. Cupiditate omnis qui qui quia. Adipisci ea facilis odit et.</p><p>Sapiente repellendus voluptas repudiandae in voluptates magni. Tempore nihil quis qui. Dolorem laborum esse et explicabo sunt expedita. Veniam ipsam qui occaecati quia minus iure.</p>', '2019-03-06 00:27:44'),
(90, 36, 'Sabine Guillon', '<p>Omnis reprehenderit est eos nisi pariatur cupiditate. Consequatur vel et voluptatum velit ullam nam. Eum quidem et tenetur dicta saepe eligendi debitis. Sint facilis animi cupiditate tempore voluptas debitis repellat qui.</p><p>Qui numquam aut voluptas cupiditate non expedita fuga. Alias doloribus quam officiis voluptatem. Numquam vero et sed itaque quidem. Sunt nulla ex magnam qui ut quia reiciendis.</p>', '2019-01-10 08:15:10'),
(91, 36, 'Sylvie Le Paris', '<p>Vel voluptate esse non explicabo nulla cupiditate quia aperiam. Consequatur sed et consequatur expedita. Corporis et facilis at veritatis velit quia. Minus quia omnis aut reprehenderit tenetur aut.</p><p>Fugit excepturi et cum eius asperiores est. Ut rerum et aspernatur minus qui. Et quis quaerat facilis sapiente fugiat consequatur.</p>', '2019-03-14 22:17:04'),
(92, 37, 'Danielle-Laurence Daniel', '<p>Doloremque eos distinctio et deleniti possimus dolorum cumque autem. Repudiandae nihil tempore numquam minus deserunt mollitia perspiciatis. Voluptas occaecati nostrum delectus nisi. Consectetur dicta velit atque sed error. Neque illo earum voluptatem possimus ipsa sequi harum repudiandae.</p><p>Est omnis molestias et eum. Enim ipsum reiciendis autem. Ipsum nam minima inventore.</p>', '2019-03-29 16:20:42'),
(93, 37, 'Susan Charrier', '<p>Enim quo itaque nemo in velit nulla. Nihil nesciunt consequatur id modi.</p><p>Cumque tenetur dolores excepturi doloribus quam in dolore. Voluptatem sunt est quod explicabo eum. Accusantium ipsa quisquam porro inventore nam quos eligendi. Vero eveniet pariatur temporibus.</p>', '2019-03-30 19:48:14'),
(94, 37, 'Guillaume Gomes', '<p>Quo repudiandae explicabo sapiente expedita id et. Quis ipsam quidem reprehenderit omnis. Labore nemo et sed repellat quas sunt. Et rerum eligendi nulla qui magni autem.</p><p>Magnam omnis dolor necessitatibus enim saepe. Maxime laboriosam nesciunt tenetur architecto necessitatibus. Consequatur temporibus labore rerum omnis dicta est omnis. Corrupti quo unde dolorem fuga quaerat iste.</p>', '2019-03-30 15:10:36'),
(95, 37, 'Margaud Meyer', '<p>Nam quisquam molestiae est debitis. Ullam ut sed sunt est magnam. Ipsam est voluptates illo sed commodi neque sint. Sapiente eius quia delectus est omnis reiciendis itaque ex.</p><p>Quisquam exercitationem omnis ex error dicta. Omnis porro accusamus perferendis consequatur non possimus. Ut iure hic in commodi ut.</p>', '2019-03-28 22:01:40'),
(96, 37, 'Frédéric Petit-Gilles', '<p>Officia dolores alias ab enim corrupti. Ipsam ut eaque consequatur illum dolor qui. Voluptatem corrupti quaerat distinctio dignissimos sunt in temporibus sed. Dolorum fugit hic debitis nihil optio animi enim dolores.</p><p>Aut quo dignissimos sunt officia modi quia. Dolores et quia veniam.</p>', '2019-03-30 16:51:17');

-- --------------------------------------------------------

--
-- Structure de la table `migration_versions`
--

CREATE TABLE `migration_versions` (
  `version` varchar(14) COLLATE utf8mb4_unicode_ci NOT NULL,
  `executed_at` datetime NOT NULL COMMENT '(DC2Type:datetime_immutable)'
) ENGINE=InnoDB DEFAULT CHARSET=utf8mb4 COLLATE=utf8mb4_unicode_ci;

--
-- Déchargement des données de la table `migration_versions`
--

INSERT INTO `migration_versions` (`version`, `executed_at`) VALUES
('20190319170607', '2019-03-19 17:08:21'),
('20190330185912', '2019-03-30 19:04:50'),
('20190330191151', '2019-03-30 19:12:32'),
('20190331170542', '2019-03-31 17:06:16');

-- --------------------------------------------------------

--
-- Structure de la table `user`
--

CREATE TABLE `user` (
  `id` int(11) NOT NULL,
  `email` varchar(255) COLLATE utf8mb4_unicode_ci NOT NULL,
  `username` varchar(255) COLLATE utf8mb4_unicode_ci NOT NULL,
  `password` varchar(255) COLLATE utf8mb4_unicode_ci NOT NULL
) ENGINE=InnoDB DEFAULT CHARSET=utf8mb4 COLLATE=utf8mb4_unicode_ci;

--
-- Index pour les tables déchargées
--

--
-- Index pour la table `article`
--
ALTER TABLE `article`
  ADD PRIMARY KEY (`id`),
  ADD KEY `IDX_23A0E6612469DE2` (`category_id`);

--
-- Index pour la table `category`
--
ALTER TABLE `category`
  ADD PRIMARY KEY (`id`);

--
-- Index pour la table `comment`
--
ALTER TABLE `comment`
  ADD PRIMARY KEY (`id`),
  ADD KEY `IDX_9474526C7294869C` (`article_id`);

--
-- Index pour la table `migration_versions`
--
ALTER TABLE `migration_versions`
  ADD PRIMARY KEY (`version`);

--
-- Index pour la table `user`
--
ALTER TABLE `user`
  ADD PRIMARY KEY (`id`);

--
-- AUTO_INCREMENT pour les tables déchargées
--

--
-- AUTO_INCREMENT pour la table `article`
--
ALTER TABLE `article`
  MODIFY `id` int(11) NOT NULL AUTO_INCREMENT, AUTO_INCREMENT=44;

--
-- AUTO_INCREMENT pour la table `category`
--
ALTER TABLE `category`
  MODIFY `id` int(11) NOT NULL AUTO_INCREMENT, AUTO_INCREMENT=4;

--
-- AUTO_INCREMENT pour la table `comment`
--
ALTER TABLE `comment`
  MODIFY `id` int(11) NOT NULL AUTO_INCREMENT, AUTO_INCREMENT=97;

--
-- AUTO_INCREMENT pour la table `user`
--
ALTER TABLE `user`
  MODIFY `id` int(11) NOT NULL AUTO_INCREMENT;

--
-- Contraintes pour les tables déchargées
--

--
-- Contraintes pour la table `article`
--
ALTER TABLE `article`
  ADD CONSTRAINT `FK_23A0E6612469DE2` FOREIGN KEY (`category_id`) REFERENCES `category` (`id`);

--
-- Contraintes pour la table `comment`
--
ALTER TABLE `comment`
  ADD CONSTRAINT `FK_9474526C7294869C` FOREIGN KEY (`article_id`) REFERENCES `article` (`id`);
COMMIT;

/*!40101 SET CHARACTER_SET_CLIENT=@OLD_CHARACTER_SET_CLIENT */;
/*!40101 SET CHARACTER_SET_RESULTS=@OLD_CHARACTER_SET_RESULTS */;
/*!40101 SET COLLATION_CONNECTION=@OLD_COLLATION_CONNECTION */;
